{"schemaVersion":"1.0","appDefinitionTemplate":{"id":"/providers/Microsoft.PowerApps/apps/","type":"Microsoft.PowerApps/apps","tags":{"primaryDeviceWidth":"1698","primaryDeviceHeight":"838","supportsPortrait":"true","supportsLandscape":"true","primaryFormFactor":"Tablet","showStatusBar":"false","publisherVersion":"3.25022.8","minimumRequiredApiVersion":"2.2.0","hasComponent":"false","hasUnlockedComponent":"false","isUnifiedRootApp":"false","sienaVersion":"20250220T152547Z-3.25022.8.0"},"properties":{"appVersion":"2025-02-20T15:25:47Z","lifeCycleId":"Published","createdByClientVersion":{"major":3,"minor":25022,"build":8,"revision":0,"majorRevision":0,"minorRevision":0},"minClientVersion":{"major":3,"minor":25022,"build":8,"revision":0,"majorRevision":0,"minorRevision":0},"backgroundColor":"RGBA(0,176,240,1)","backgroundImageUri":"/13781091176037906339/Nade807a9-8d69-42c2-a6ce-c9baede8c958-logoSmallFile","displayName":"Power Apps","description":"zzz","commitMessage":"","appUris":{"documentUri":{"value":"/13781091176037906339/Nea0ad20e-84ab-4902-81f1-4eabaedc4ad5-document.msapp"},"imageUris":[],"additionalUris":[{"isSolutionAware":false,"value":"/13781091176037906339/N898e773a-0296-46b4-8d79-803ec3edba08-identity.json"}]},"createdTime":"0001-01-01T00:00:00Z","lastModifiedTime":"0001-01-01T00:00:00Z","sharedGroupsCount":0,"sharedUsersCount":0,"connectionReferences":{"20a59885-bc80-429f-beba-799b34bfad24":{"id":"88152bba-6023-4699-a097-7c4ea0215085","displayName":"SQL Server","runtimePolicyName":"4400bc12-1678-4d96-a54d-be715ed437a6","executionRestrictions":{"version":2,"modifiedOn":"2025-02-20 15:25:46","appVer":"3.25022.8","apiId":"/providers/microsoft.powerapps/apis/shared_sql","apiVer":2,"policy":"{\"tabularActions\":{\"[dbo].[orders]\":[\"get\"],\"[dbo].[users]\":[\"get\"]},\"serviceActions\":[]}"},"iconUri":"https://conn-afd-prod-endpoint-bmc9bqahasf3grgk.b01.azurefd.net/u/kolhemugdha/special_train_8Jan25/1.0.1736.4105/sql/icon.png","dataSources":["[dbo].[Orders]","users","products"],"dependencies":[],"dependents":[],"parameterHints":{},"parameterHintsV2":{},"isOnPremiseConnection":false,"sharedConnectionId":"8a87a14a-0663-49c2-a34d-ee06738a43da","bypassConsent":false,"dataSets":{"powersalesserver.database.windows.net,PowerSalesDB":{"dataSources":{"[dbo].[Orders]":{"tableName":"[dbo].[Orders]"},"users":{"tableName":"[dbo].[users]"},"products":{"tableName":"[dbo].[products]"}}}},"apiTier":"Premium","isCustomApiConnection":false,"authenticationType":"sqlAuthentication","actions":["providers/PowerPlatform.Governance/Operations/Read"],"endpoints":["powersalesserver.database.windows.net,PowerSalesDB"]}},"databaseReferences":{},"almMode":"Environment","performanceOptimizationEnabled":true,"canConsumeAppPass":false,"enableModernRuntimeMode":false,"executionRestrictions":{"isTeamsOnly":false,"dataLossPreventionEvaluationResult":{"status":"Compliant","lastEvaluationDate":"2025-02-20T14:13:18.0722353Z","violations":[],"violationsByPolicy":[],"violationErrorMessage":"The app uses the following connectors: shared_sql."}}},"isAppComponentLibrary":false,"appType":"ClassicCanvasApp","appComponents":[]}}